Epoch,Accuracy,Precision,Recall,F1-Score
1,0.1737704918032787,0.030196183821553344,0.1737704918032787,0.05145159813169704
